Description,,Summary Amt.
Beginning balance as of 03/01/2026,,2850.00

Date,Description,Amount,Running Bal.
03/01/2026,Beginning balance as of 03/01/2026,,2850.00
03/01/2026,HARLEM HEIGHTS MGMT DES:WEB PMTS RENT,-1250.00,1600.00
03/03/2026,Online Transfer to CHK ...4417 Conf# T95822412,-700.00,900.00
03/06/2026,COLUMBIA UNIV DES:PAYROLL ID:10309516 PPD,1385.40,2285.40
03/20/2026,COLUMBIA UNIV DES:PAYROLL ID:10309516 PPD,1385.40,3670.80
04/01/2026,HARLEM HEIGHTS MGMT DES:WEB PMTS RENT,-1250.00,2420.80
04/03/2026,COLUMBIA UNIV DES:PAYROLL ID:10309516 PPD,1385.40,3806.20
04/03/2026,Online Transfer to CHK ...4417 Conf# T24942603,-700.00,3106.20
04/17/2026,COLUMBIA UNIV DES:PAYROLL ID:10309516 PPD,1385.40,4491.60
05/01/2026,COLUMBIA UNIV DES:PAYROLL ID:10309516 PPD,1385.40,5877.00
05/01/2026,HARLEM HEIGHTS MGMT DES:WEB PMTS RENT,-1250.00,4627.00
05/03/2026,Online Transfer to CHK ...4417 Conf# T13356886,-700.00,3927.00
05/15/2026,COLUMBIA UNIV DES:PAYROLL ID:10309516 PPD,1385.40,5312.40
05/29/2026,COLUMBIA UNIV DES:PAYROLL ID:10309516 PPD,1385.40,6697.80
06/01/2026,HARLEM HEIGHTS MGMT DES:WEB PMTS RENT,-1250.00,5447.80
06/03/2026,Online Transfer to CHK ...4417 Conf# T46913810,-700.00,4747.80
06/12/2026,COLUMBIA UNIV DES:PAYROLL ID:10309516 PPD,1385.40,6133.20
06/26/2026,COLUMBIA UNIV DES:PAYROLL ID:10309516 PPD,1385.40,7518.60
07/01/2026,HARLEM HEIGHTS MGMT DES:WEB PMTS RENT,-1250.00,6268.60
07/03/2026,Online Transfer to CHK ...4417 Conf# T42868828,-700.00,5568.60
07/10/2026,COLUMBIA UNIV DES:PAYROLL ID:10309516 PPD,1385.40,6954.00
07/24/2026,COLUMBIA UNIV DES:PAYROLL ID:10309516 PPD,1385.40,8339.40
08/01/2026,HARLEM HEIGHTS MGMT DES:WEB PMTS RENT,-1250.00,7089.40
08/03/2026,Online Transfer to CHK ...4417 Conf# T39958838,-700.00,6389.40
08/07/2026,COLUMBIA UNIV DES:PAYROLL ID:10309516 PPD,1385.40,7774.80
08/21/2026,COLUMBIA UNIV DES:PAYROLL ID:10309516 PPD,1385.40,9160.20
09/01/2026,HARLEM HEIGHTS MGMT DES:WEB PMTS RENT,-1250.00,7910.20
09/03/2026,Online Transfer to CHK ...4417 Conf# T28728463,-700.00,7210.20
09/04/2026,COLUMBIA UNIV DES:PAYROLL ID:10309516 PPD,1385.40,8595.60
09/18/2026,COLUMBIA UNIV DES:PAYROLL ID:10309516 PPD,1385.40,9981.00
