Details,Posting Date,Description,Amount,Type,Balance,Check or Slip #
DEBIT,03/02/2026,BLUE BOTTLE COFFEE NEW YORK NY,-4.96,DEBIT_CARD,635.04,
DEBIT,03/02/2026,MTA*NYCT PAYGO NEW YORK NY,-2.90,DEBIT_CARD,632.14,
DEBIT,03/02/2026,MTA*NYCT PAYGO NEW YORK NY,-2.90,DEBIT_CARD,629.24,
DEBIT,03/02/2026,TRADER JOE S #558 NEW YORK NY,-28.32,DEBIT_CARD,600.92,
DEBIT,03/03/2026,MTA*NYCT PAYGO NEW YORK NY,-2.90,DEBIT_CARD,598.02,
DEBIT,03/03/2026,MTA*NYCT PAYGO NEW YORK NY,-2.90,DEBIT_CARD,595.12,
CREDIT,03/03/2026,Online Transfer From BOA Checking ...8820,700.00,ACH_CREDIT,1295.12,
DEBIT,03/03/2026,TRADER JOE S #558 NEW YORK NY,-27.96,DEBIT_CARD,1267.16,
DEBIT,03/04/2026,DUNKIN #3392 NEW YORK NY,-4.56,DEBIT_CARD,1262.60,
DEBIT,03/04/2026,MTA*NYCT PAYGO NEW YORK NY,-2.90,DEBIT_CARD,1259.70,
DEBIT,03/06/2026,MTA*NYCT PAYGO NEW YORK NY,-2.90,DEBIT_CARD,1256.80,
DEBIT,03/06/2026,SWEETGREEN COLUMBIA NEW YORK NY,-15.37,DEBIT_CARD,1241.43,
DEBIT,03/07/2026,SPOTIFY USA 877-7781161 NY,-11.99,DEBIT_CARD,1229.44,
DEBIT,03/09/2026,MTA*NYCT PAYGO NEW YORK NY,-2.90,DEBIT_CARD,1226.54,
DEBIT,03/09/2026,SQ *HARLEM THREADING NEW YORK NY,-22.00,DEBIT_CARD,1204.54,
DEBIT,03/10/2026,CHIPOTLE 0921 NEW YORK NY,-13.51,DEBIT_CARD,1191.03,
DEBIT,03/10/2026,TARGET 00031336 NEW YORK NY,-52.18,DEBIT_CARD,1138.85,
DEBIT,03/10/2026,WHOLE FOODS MKT HARLEM NY,-31.53,DEBIT_CARD,1107.32,
DEBIT,03/11/2026,MTA*NYCT PAYGO NEW YORK NY,-2.90,DEBIT_CARD,1104.42,
DEBIT,03/11/2026,MTA*NYCT PAYGO NEW YORK NY,-2.90,DEBIT_CARD,1101.52,
DEBIT,03/12/2026,MTA*NYCT PAYGO NEW YORK NY,-2.90,DEBIT_CARD,1098.62,
DEBIT,03/13/2026,BLUE BOTTLE COFFEE NEW YORK NY,-7.05,DEBIT_CARD,1091.57,
DEBIT,03/13/2026,MTA*NYCT PAYGO NEW YORK NY,-2.90,DEBIT_CARD,1088.67,
DEBIT,03/16/2026,MTA*NYCT PAYGO NEW YORK NY,-2.90,DEBIT_CARD,1085.77,
DEBIT,03/17/2026,MTA*NYCT PAYGO NEW YORK NY,-2.90,DEBIT_CARD,1082.87,
DEBIT,03/18/2026,BLUE BOTTLE COFFEE NEW YORK NY,-6.00,DEBIT_CARD,1076.87,
DEBIT,03/18/2026,DOORDASH*THAI MARKET SAN FRANCISCO CA,-23.84,DEBIT_CARD,1053.03,
DEBIT,03/18/2026,MTA*NYCT PAYGO NEW YORK NY,-2.90,DEBIT_CARD,1050.13,
DEBIT,03/19/2026,MTA*NYCT PAYGO NEW YORK NY,-2.90,DEBIT_CARD,1047.23,
DEBIT,03/20/2026,SQ *HUNGARIAN PASTRY SHOP NY,-6.74,DEBIT_CARD,1040.49,
DEBIT,03/20/2026,UBER *TRIP HELP.UBER.COM CA,-17.32,DEBIT_CARD,1023.17,
DEBIT,03/21/2026,MINT MOBILE 888-588-6468 CA,-30.00,DEBIT_CARD,993.17,
DEBIT,03/21/2026,SQ *TOMO SUSHI NEW YORK NY,-142.80,DEBIT_CARD,850.37,
DEBIT,03/23/2026,H&M 0098 NEW YORK NY,-14.55,DEBIT_CARD,835.82,
DEBIT,03/23/2026,MTA*NYCT PAYGO NEW YORK NY,-2.90,DEBIT_CARD,832.92,
DEBIT,03/23/2026,SQ *HUNGARIAN PASTRY SHOP NY,-5.00,DEBIT_CARD,827.92,
DEBIT,03/23/2026,WHOLE FOODS MKT HARLEM NY,-15.18,DEBIT_CARD,812.74,
DEBIT,03/24/2026,MTA*NYCT PAYGO NEW YORK NY,-2.90,DEBIT_CARD,809.84,
DEBIT,03/25/2026,MTA*NYCT PAYGO NEW YORK NY,-2.90,DEBIT_CARD,806.94,
DEBIT,03/25/2026,MTA*NYCT PAYGO NEW YORK NY,-2.90,DEBIT_CARD,804.04,
DEBIT,03/26/2026,MTA*NYCT PAYGO NEW YORK NY,-2.90,DEBIT_CARD,801.14,
DEBIT,03/27/2026,TST* AMSTERDAM TAVERN NEW YORK NY,-20.69,DEBIT_CARD,780.45,
DEBIT,03/27/2026,UBER *TRIP HELP.UBER.COM CA,-20.47,DEBIT_CARD,759.98,
DEBIT,03/28/2026,PATIALA GRILL NEW YORK NY,-42.06,DEBIT_CARD,717.92,
DEBIT,03/30/2026,BLUE BOTTLE COFFEE NEW YORK NY,-7.45,DEBIT_CARD,710.47,
DEBIT,03/31/2026,DUNKIN #3392 NEW YORK NY,-4.96,DEBIT_CARD,705.51,
DEBIT,03/31/2026,JUNZI KITCHEN NEW YORK NY,-14.21,DEBIT_CARD,691.30,
DEBIT,03/31/2026,MTA*NYCT PAYGO NEW YORK NY,-2.90,DEBIT_CARD,688.40,
DEBIT,03/31/2026,MTA*NYCT PAYGO NEW YORK NY,-2.90,DEBIT_CARD,685.50,
DEBIT,04/01/2026,MTA*NYCT PAYGO NEW YORK NY,-2.90,DEBIT_CARD,682.60,
DEBIT,04/01/2026,SQ *HUNGARIAN PASTRY SHOP NY,-4.51,DEBIT_CARD,678.09,
DEBIT,04/03/2026,MTA*NYCT PAYGO NEW YORK NY,-2.90,DEBIT_CARD,675.19,
CREDIT,04/03/2026,Online Transfer From BOA Checking ...8820,700.00,ACH_CREDIT,1375.19,
DEBIT,04/03/2026,SQ *HUNGARIAN PASTRY SHOP NY,-5.27,DEBIT_CARD,1369.92,
DEBIT,04/04/2026,UBER *TRIP HELP.UBER.COM CA,-19.08,DEBIT_CARD,1350.84,
DEBIT,04/04/2026,WHOLE FOODS MKT HARLEM NY,-18.26,DEBIT_CARD,1332.58,
CREDIT,04/05/2026,Zelle Payment From Jordan Lee 85376663786,47.60,QUICKPAY_CREDIT,1380.18,
CREDIT,04/05/2026,Zelle Payment From Priya Raman 57186978872,17.39,QUICKPAY_CREDIT,1397.57,
CREDIT,04/06/2026,Zelle Payment From Alex Moreno 35131408653,47.60,QUICKPAY_CREDIT,1445.17,
DEBIT,04/07/2026,BLUE BOTTLE COFFEE NEW YORK NY,-6.66,DEBIT_CARD,1438.51,
DEBIT,04/07/2026,MTA*NYCT PAYGO NEW YORK NY,-2.90,DEBIT_CARD,1435.61,
DEBIT,04/07/2026,SPOTIFY USA 877-7781161 NY,-11.99,DEBIT_CARD,1423.62,
DEBIT,04/07/2026,Zelle Payment To Sam Okafor 73193442499,-31.80,QUICKPAY_DEBIT,1391.82,
DEBIT,04/08/2026,MTA*NYCT PAYGO NEW YORK NY,-2.90,DEBIT_CARD,1388.92,
DEBIT,04/09/2026,DUNKIN #3392 NEW YORK NY,-6.76,DEBIT_CARD,1382.16,
DEBIT,04/09/2026,MTA*NYCT PAYGO NEW YORK NY,-2.90,DEBIT_CARD,1379.26,
DEBIT,04/10/2026,MTA*NYCT PAYGO NEW YORK NY,-2.90,DEBIT_CARD,1376.36,
DEBIT,04/10/2026,MTA*NYCT PAYGO NEW YORK NY,-2.90,DEBIT_CARD,1373.46,
DEBIT,04/10/2026,SQ *HUNGARIAN PASTRY SHOP NY,-7.19,DEBIT_CARD,1366.27,
DEBIT,04/10/2026,TARGET 00031336 NEW YORK NY,-44.51,DEBIT_CARD,1321.76,
DEBIT,04/10/2026,TST* AMSTERDAM TAVERN NEW YORK NY,-15.00,DEBIT_CARD,1306.76,
DEBIT,04/11/2026,DUNKIN #3392 NEW YORK NY,-4.93,DEBIT_CARD,1301.83,
DEBIT,04/11/2026,PATIALA GRILL NEW YORK NY,-43.22,DEBIT_CARD,1258.61,
DEBIT,04/13/2026,MTA*NYCT PAYGO NEW YORK NY,-2.90,DEBIT_CARD,1255.71,
DEBIT,04/13/2026,MTA*NYCT PAYGO NEW YORK NY,-2.90,DEBIT_CARD,1252.81,
DEBIT,04/13/2026,SQ *HUNGARIAN PASTRY SHOP NY,-7.25,DEBIT_CARD,1245.56,
DEBIT,04/14/2026,MTA*NYCT PAYGO NEW YORK NY,-2.90,DEBIT_CARD,1242.66,
DEBIT,04/14/2026,TRADER JOE S #558 NEW YORK NY,-31.17,DEBIT_CARD,1211.49,
DEBIT,04/15/2026,MTA*NYCT PAYGO NEW YORK NY,-2.90,DEBIT_CARD,1208.59,
DEBIT,04/15/2026,MTA*NYCT PAYGO NEW YORK NY,-2.90,DEBIT_CARD,1205.69,
DEBIT,04/16/2026,MTA*NYCT PAYGO NEW YORK NY,-2.90,DEBIT_CARD,1202.79,
DEBIT,04/16/2026,MTA*NYCT PAYGO NEW YORK NY,-2.90,DEBIT_CARD,1199.89,
DEBIT,04/17/2026,KEY FOOD #1123 NEW YORK NY,-17.57,DEBIT_CARD,1182.32,
DEBIT,04/17/2026,MTA*NYCT PAYGO NEW YORK NY,-2.90,DEBIT_CARD,1179.42,
DEBIT,04/17/2026,MTA*NYCT PAYGO NEW YORK NY,-2.90,DEBIT_CARD,1176.52,
DEBIT,04/18/2026,THE GRAND TIER NEW YORK NY,-118.35,DEBIT_CARD,1058.17,
DEBIT,04/19/2026,WHOLE FOODS MKT HARLEM NY,-27.74,DEBIT_CARD,1030.43,
DEBIT,04/20/2026,JUNZI KITCHEN NEW YORK NY,-16.10,DEBIT_CARD,1014.33,
DEBIT,04/20/2026,MTA*NYCT PAYGO NEW YORK NY,-2.90,DEBIT_CARD,1011.43,
DEBIT,04/21/2026,MINT MOBILE 888-588-6468 CA,-30.00,DEBIT_CARD,981.43,
DEBIT,04/21/2026,MTA*NYCT PAYGO NEW YORK NY,-2.90,DEBIT_CARD,978.53,
DEBIT,04/22/2026,MTA*NYCT PAYGO NEW YORK NY,-2.90,DEBIT_CARD,975.63,
DEBIT,04/23/2026,MTA*NYCT PAYGO NEW YORK NY,-2.90,DEBIT_CARD,972.73,
DEBIT,04/24/2026,AMC 84TH ST 6 NEW YORK NY,-17.49,DEBIT_CARD,955.24,
DEBIT,04/24/2026,MTA*NYCT PAYGO NEW YORK NY,-2.90,DEBIT_CARD,952.34,
DEBIT,04/26/2026,TRADER JOE S #558 NEW YORK NY,-33.68,DEBIT_CARD,918.66,
DEBIT,04/27/2026,MTA*NYCT PAYGO NEW YORK NY,-2.90,DEBIT_CARD,915.76,
DEBIT,04/27/2026,MTA*NYCT PAYGO NEW YORK NY,-2.90,DEBIT_CARD,912.86,
DEBIT,04/28/2026,MTA*NYCT PAYGO NEW YORK NY,-2.90,DEBIT_CARD,909.96,
DEBIT,04/28/2026,SQ *HUNGARIAN PASTRY SHOP NY,-4.27,DEBIT_CARD,905.69,
DEBIT,04/29/2026,MTA*NYCT PAYGO NEW YORK NY,-2.90,DEBIT_CARD,902.79,
DEBIT,05/01/2026,MTA*NYCT PAYGO NEW YORK NY,-2.90,DEBIT_CARD,899.89,
DEBIT,05/01/2026,MTA*NYCT PAYGO NEW YORK NY,-2.90,DEBIT_CARD,896.99,
DEBIT,05/03/2026,DUNKIN #3392 NEW YORK NY,-5.01,DEBIT_CARD,891.98,
CREDIT,05/03/2026,Online Transfer From BOA Checking ...8820,700.00,ACH_CREDIT,1591.98,
DEBIT,05/04/2026,MTA*NYCT PAYGO NEW YORK NY,-2.90,DEBIT_CARD,1589.08,
CREDIT,05/04/2026,Zelle Payment From Priya Raman 40000915863,44.41,QUICKPAY_CREDIT,1633.49,
DEBIT,05/05/2026,MTA*NYCT PAYGO NEW YORK NY,-2.90,DEBIT_CARD,1630.59,
DEBIT,05/05/2026,MTA*NYCT PAYGO NEW YORK NY,-2.90,DEBIT_CARD,1627.69,
CREDIT,05/05/2026,Zelle Payment From Jordan Lee 77819135883,29.59,QUICKPAY_CREDIT,1657.28,
DEBIT,05/06/2026,DOORDASH*THAI MARKET SAN FRANCISCO CA,-21.18,DEBIT_CARD,1636.10,
DEBIT,05/06/2026,Zelle Payment To Sam Okafor 42249860359,-39.49,QUICKPAY_DEBIT,1596.61,
DEBIT,05/07/2026,MTA*NYCT PAYGO NEW YORK NY,-2.90,DEBIT_CARD,1593.71,
DEBIT,05/07/2026,MTA*NYCT PAYGO NEW YORK NY,-2.90,DEBIT_CARD,1590.81,
DEBIT,05/07/2026,SPOTIFY USA 877-7781161 NY,-11.99,DEBIT_CARD,1578.82,
CREDIT,05/07/2026,Zelle Payment From Alex Moreno 89688915291,29.59,QUICKPAY_CREDIT,1608.41,
DEBIT,05/08/2026,DUNKIN #3392 NEW YORK NY,-6.42,DEBIT_CARD,1601.99,
DEBIT,05/08/2026,MTA*NYCT PAYGO NEW YORK NY,-2.90,DEBIT_CARD,1599.09,
DEBIT,05/09/2026,SQ *HARLEM THREADING NEW YORK NY,-22.00,DEBIT_CARD,1577.09,
DEBIT,05/09/2026,SQ *TOMO SUSHI NEW YORK NY,-25.26,DEBIT_CARD,1551.83,
DEBIT,05/10/2026,TARGET 00031336 NEW YORK NY,-41.76,DEBIT_CARD,1510.07,
DEBIT,05/11/2026,MTA*NYCT PAYGO NEW YORK NY,-2.90,DEBIT_CARD,1507.17,
DEBIT,05/11/2026,MTA*NYCT PAYGO NEW YORK NY,-2.90,DEBIT_CARD,1504.27,
DEBIT,05/11/2026,WHOLE FOODS MKT HARLEM NY,-15.04,DEBIT_CARD,1489.23,
DEBIT,05/14/2026,MTA*NYCT PAYGO NEW YORK NY,-2.90,DEBIT_CARD,1486.33,
DEBIT,05/14/2026,MTA*NYCT PAYGO NEW YORK NY,-2.90,DEBIT_CARD,1483.43,
DEBIT,05/15/2026,CHIPOTLE 0921 NEW YORK NY,-14.38,DEBIT_CARD,1469.05,
DEBIT,05/15/2026,DUNKIN #3392 NEW YORK NY,-4.60,DEBIT_CARD,1464.45,
DEBIT,05/17/2026,WHOLE FOODS MKT HARLEM NY,-22.57,DEBIT_CARD,1441.88,
DEBIT,05/18/2026,DUNKIN #3392 NEW YORK NY,-6.92,DEBIT_CARD,1434.96,
DEBIT,05/18/2026,MTA*NYCT PAYGO NEW YORK NY,-2.90,DEBIT_CARD,1432.06,
DEBIT,05/19/2026,MTA*NYCT PAYGO NEW YORK NY,-2.90,DEBIT_CARD,1429.16,
DEBIT,05/20/2026,MTA*NYCT PAYGO NEW YORK NY,-2.90,DEBIT_CARD,1426.26,
DEBIT,05/20/2026,MTA*NYCT PAYGO NEW YORK NY,-2.90,DEBIT_CARD,1423.36,
DEBIT,05/21/2026,MINT MOBILE 888-588-6468 CA,-30.00,DEBIT_CARD,1393.36,
DEBIT,05/22/2026,BLUE BOTTLE COFFEE NEW YORK NY,-5.40,DEBIT_CARD,1387.96,
DEBIT,05/22/2026,MTA*NYCT PAYGO NEW YORK NY,-2.90,DEBIT_CARD,1385.06,
DEBIT,05/22/2026,UBER *TRIP HELP.UBER.COM CA,-22.06,DEBIT_CARD,1363.00,
DEBIT,05/23/2026,1020 BAR NEW YORK NY,-29.50,DEBIT_CARD,1333.50,
DEBIT,05/24/2026,BLUE BOTTLE COFFEE NEW YORK NY,-5.56,DEBIT_CARD,1327.94,
DEBIT,05/25/2026,MTA*NYCT PAYGO NEW YORK NY,-2.90,DEBIT_CARD,1325.04,
DEBIT,05/26/2026,MTA*NYCT PAYGO NEW YORK NY,-2.90,DEBIT_CARD,1322.14,
DEBIT,05/27/2026,MTA*NYCT PAYGO NEW YORK NY,-2.90,DEBIT_CARD,1319.24,
DEBIT,05/27/2026,SQ *HUNGARIAN PASTRY SHOP NY,-5.82,DEBIT_CARD,1313.42,
DEBIT,05/29/2026,1020 BAR NEW YORK NY,-25.27,DEBIT_CARD,1288.15,
DEBIT,05/29/2026,MTA*NYCT PAYGO NEW YORK NY,-2.90,DEBIT_CARD,1285.25,
DEBIT,05/29/2026,SQ *TOMO SUSHI NEW YORK NY,-24.46,DEBIT_CARD,1260.79,
DEBIT,05/30/2026,JING FONG NEW YORK NY,-96.40,DEBIT_CARD,1164.39,
DEBIT,05/30/2026,SQ *THE HEIGHTS BAR NY,-30.47,DEBIT_CARD,1133.92,
DEBIT,05/30/2026,UBER *TRIP HELP.UBER.COM CA,-23.23,DEBIT_CARD,1110.69,
DEBIT,05/31/2026,TRADER JOE S #558 NEW YORK NY,-16.37,DEBIT_CARD,1094.32,
DEBIT,06/01/2026,MTA*NYCT PAYGO NEW YORK NY,-2.90,DEBIT_CARD,1091.42,
DEBIT,06/02/2026,MTA*NYCT PAYGO NEW YORK NY,-2.90,DEBIT_CARD,1088.52,
DEBIT,06/02/2026,MTA*NYCT PAYGO NEW YORK NY,-2.90,DEBIT_CARD,1085.62,
DEBIT,06/03/2026,MTA*NYCT PAYGO NEW YORK NY,-2.90,DEBIT_CARD,1082.72,
CREDIT,06/03/2026,Online Transfer From BOA Checking ...8820,700.00,ACH_CREDIT,1782.72,
DEBIT,06/03/2026,TARGET 00031336 NEW YORK NY,-36.82,DEBIT_CARD,1745.90,
DEBIT,06/03/2026,TRADER JOE S #558 NEW YORK NY,-17.48,DEBIT_CARD,1728.42,
DEBIT,06/04/2026,MTA*NYCT PAYGO NEW YORK NY,-2.90,DEBIT_CARD,1725.52,
DEBIT,06/04/2026,MTA*NYCT PAYGO NEW YORK NY,-2.90,DEBIT_CARD,1722.62,
DEBIT,06/05/2026,MTA*NYCT PAYGO NEW YORK NY,-2.90,DEBIT_CARD,1719.72,
CREDIT,06/05/2026,Zelle Payment From Priya Raman 48937091641,13.92,QUICKPAY_CREDIT,1733.64,
DEBIT,06/06/2026,TRADER JOE S #558 NEW YORK NY,-29.85,DEBIT_CARD,1703.79,
DEBIT,06/07/2026,SPOTIFY USA 877-7781161 NY,-11.99,DEBIT_CARD,1691.80,
DEBIT,06/07/2026,Zelle Payment To Sam Okafor 29549174744,-41.24,QUICKPAY_DEBIT,1650.56,
DEBIT,06/08/2026,MTA*NYCT PAYGO NEW YORK NY,-2.90,DEBIT_CARD,1647.66,
DEBIT,06/08/2026,MTA*NYCT PAYGO NEW YORK NY,-2.90,DEBIT_CARD,1644.76,
CREDIT,06/08/2026,Zelle Payment From Alex Moreno 68092420509,48.20,QUICKPAY_CREDIT,1692.96,
DEBIT,06/09/2026,SQ *HUNGARIAN PASTRY SHOP NY,-6.97,DEBIT_CARD,1685.99,
DEBIT,06/10/2026,MTA*NYCT PAYGO NEW YORK NY,-2.90,DEBIT_CARD,1683.09,
DEBIT,06/10/2026,TARGET 00031336 NEW YORK NY,-45.82,DEBIT_CARD,1637.27,
DEBIT,06/11/2026,MTA*NYCT PAYGO NEW YORK NY,-2.90,DEBIT_CARD,1634.37,
DEBIT,06/11/2026,SQ *HUNGARIAN PASTRY SHOP NY,-5.67,DEBIT_CARD,1628.70,
DEBIT,06/12/2026,MTA*NYCT PAYGO NEW YORK NY,-2.90,DEBIT_CARD,1625.80,
DEBIT,06/15/2026,MTA*NYCT PAYGO NEW YORK NY,-2.90,DEBIT_CARD,1622.90,
DEBIT,06/16/2026,MTA*NYCT PAYGO NEW YORK NY,-2.90,DEBIT_CARD,1620.00,
DEBIT,06/17/2026,KEY FOOD #1123 NEW YORK NY,-15.86,DEBIT_CARD,1604.14,
DEBIT,06/17/2026,MTA*NYCT PAYGO NEW YORK NY,-2.90,DEBIT_CARD,1601.24,
DEBIT,06/18/2026,MTA*NYCT PAYGO NEW YORK NY,-2.90,DEBIT_CARD,1598.34,
DEBIT,06/18/2026,MTA*NYCT PAYGO NEW YORK NY,-2.90,DEBIT_CARD,1595.44,
DEBIT,06/19/2026,MTA*NYCT PAYGO NEW YORK NY,-2.90,DEBIT_CARD,1592.54,
DEBIT,06/19/2026,THE GRAND TIER NEW YORK NY,-44.12,DEBIT_CARD,1548.42,
DEBIT,06/21/2026,MINT MOBILE 888-588-6468 CA,-30.00,DEBIT_CARD,1518.42,
DEBIT,06/22/2026,MTA*NYCT PAYGO NEW YORK NY,-2.90,DEBIT_CARD,1515.52,
DEBIT,06/23/2026,MTA*NYCT PAYGO NEW YORK NY,-2.90,DEBIT_CARD,1512.62,
DEBIT,06/24/2026,AMC 84TH ST 6 NEW YORK NY,-17.49,DEBIT_CARD,1495.13,
DEBIT,06/24/2026,MTA*NYCT PAYGO NEW YORK NY,-2.90,DEBIT_CARD,1492.23,
DEBIT,06/24/2026,MTA*NYCT PAYGO NEW YORK NY,-2.90,DEBIT_CARD,1489.33,
DEBIT,06/24/2026,SQ *HUNGARIAN PASTRY SHOP NY,-5.79,DEBIT_CARD,1483.54,
DEBIT,06/25/2026,JUNZI KITCHEN NEW YORK NY,-16.33,DEBIT_CARD,1467.21,
DEBIT,06/25/2026,MTA*NYCT PAYGO NEW YORK NY,-2.90,DEBIT_CARD,1464.31,
DEBIT,06/26/2026,1020 BAR NEW YORK NY,-32.76,DEBIT_CARD,1431.55,
DEBIT,06/27/2026,DUNKIN #3392 NEW YORK NY,-7.02,DEBIT_CARD,1424.53,
DEBIT,06/27/2026,SQ *THE HEIGHTS BAR NY,-84.00,DEBIT_CARD,1340.53,
DEBIT,06/28/2026,TRADER JOE S #558 NEW YORK NY,-18.70,DEBIT_CARD,1321.83,
DEBIT,06/29/2026,MTA*NYCT PAYGO NEW YORK NY,-2.90,DEBIT_CARD,1318.93,
DEBIT,06/29/2026,WHOLE FOODS MKT HARLEM NY,-28.08,DEBIT_CARD,1290.85,
DEBIT,06/30/2026,MTA*NYCT PAYGO NEW YORK NY,-2.90,DEBIT_CARD,1287.95,
DEBIT,06/30/2026,SWEETGREEN COLUMBIA NEW YORK NY,-12.97,DEBIT_CARD,1274.98,
DEBIT,07/01/2026,BLUE BOTTLE COFFEE NEW YORK NY,-6.23,DEBIT_CARD,1268.75,
DEBIT,07/01/2026,MTA*NYCT PAYGO NEW YORK NY,-2.90,DEBIT_CARD,1265.85,
DEBIT,07/02/2026,DOORDASH*THAI MARKET SAN FRANCISCO CA,-29.62,DEBIT_CARD,1236.23,
DEBIT,07/02/2026,MTA*NYCT PAYGO NEW YORK NY,-2.90,DEBIT_CARD,1233.33,
DEBIT,07/03/2026,MTA*NYCT PAYGO NEW YORK NY,-2.90,DEBIT_CARD,1230.43,
CREDIT,07/03/2026,Online Transfer From BOA Checking ...8820,700.00,ACH_CREDIT,1930.43,
DEBIT,07/03/2026,UBER *TRIP HELP.UBER.COM CA,-23.29,DEBIT_CARD,1907.14,
DEBIT,07/04/2026,DUNKIN #3392 NEW YORK NY,-6.11,DEBIT_CARD,1901.03,
DEBIT,07/04/2026,Zelle Payment To Sam Okafor 97260969393,-35.87,QUICKPAY_DEBIT,1865.16,
CREDIT,07/05/2026,Zelle Payment From Jordan Lee 86365647804,42.00,QUICKPAY_CREDIT,1907.16,
CREDIT,07/05/2026,Zelle Payment From Priya Raman 72062167881,15.27,QUICKPAY_CREDIT,1922.43,
DEBIT,07/07/2026,MTA*NYCT PAYGO NEW YORK NY,-2.90,DEBIT_CARD,1919.53,
DEBIT,07/07/2026,SPOTIFY USA 877-7781161 NY,-11.99,DEBIT_CARD,1907.54,
DEBIT,07/08/2026,MTA*NYCT PAYGO NEW YORK NY,-2.90,DEBIT_CARD,1904.64,
DEBIT,07/09/2026,MTA*NYCT PAYGO NEW YORK NY,-2.90,DEBIT_CARD,1901.74,
DEBIT,07/09/2026,SQ *HARLEM THREADING NEW YORK NY,-22.00,DEBIT_CARD,1879.74,
DEBIT,07/10/2026,1020 BAR NEW YORK NY,-37.22,DEBIT_CARD,1842.52,
DEBIT,07/10/2026,MTA*NYCT PAYGO NEW YORK NY,-2.90,DEBIT_CARD,1839.62,
DEBIT,07/10/2026,TARGET 00031336 NEW YORK NY,-42.28,DEBIT_CARD,1797.34,
DEBIT,07/11/2026,TRADER JOE S #558 NEW YORK NY,-31.20,DEBIT_CARD,1766.14,
DEBIT,07/12/2026,UBER EATS SAN FRANCISCO CA,-23.37,DEBIT_CARD,1742.77,
DEBIT,07/13/2026,MTA*NYCT PAYGO NEW YORK NY,-2.90,DEBIT_CARD,1739.87,
DEBIT,07/15/2026,MTA*NYCT PAYGO NEW YORK NY,-2.90,DEBIT_CARD,1736.97,
DEBIT,07/15/2026,MTA*NYCT PAYGO NEW YORK NY,-2.90,DEBIT_CARD,1734.07,
DEBIT,07/16/2026,MTA*NYCT PAYGO NEW YORK NY,-2.90,DEBIT_CARD,1731.17,
DEBIT,07/17/2026,1020 BAR NEW YORK NY,-29.72,DEBIT_CARD,1701.45,
DEBIT,07/17/2026,MTA*NYCT PAYGO NEW YORK NY,-2.90,DEBIT_CARD,1698.55,
DEBIT,07/20/2026,KEY FOOD #1123 NEW YORK NY,-15.83,DEBIT_CARD,1682.72,
DEBIT,07/21/2026,DUNKIN #3392 NEW YORK NY,-5.04,DEBIT_CARD,1677.68,
DEBIT,07/21/2026,MINT MOBILE 888-588-6468 CA,-30.00,DEBIT_CARD,1647.68,
DEBIT,07/22/2026,MTA*NYCT PAYGO NEW YORK NY,-2.90,DEBIT_CARD,1644.78,
DEBIT,07/24/2026,BLUE BOTTLE COFFEE NEW YORK NY,-5.41,DEBIT_CARD,1639.37,
DEBIT,07/24/2026,SQ *TOMO SUSHI NEW YORK NY,-23.26,DEBIT_CARD,1616.11,
DEBIT,07/25/2026,PATIALA GRILL NEW YORK NY,-27.32,DEBIT_CARD,1588.79,
DEBIT,07/25/2026,PATIALA GRILL NEW YORK NY,-126.90,DEBIT_CARD,1461.89,
DEBIT,07/26/2026,TARGET 00031336 NEW YORK NY,-42.50,DEBIT_CARD,1419.39,
DEBIT,07/27/2026,MTA*NYCT PAYGO NEW YORK NY,-2.90,DEBIT_CARD,1416.49,
DEBIT,07/27/2026,MTA*NYCT PAYGO NEW YORK NY,-2.90,DEBIT_CARD,1413.59,
DEBIT,07/28/2026,DUNKIN #3392 NEW YORK NY,-6.28,DEBIT_CARD,1407.31,
DEBIT,07/28/2026,MTA*NYCT PAYGO NEW YORK NY,-2.90,DEBIT_CARD,1404.41,
DEBIT,07/29/2026,MTA*NYCT PAYGO NEW YORK NY,-2.90,DEBIT_CARD,1401.51,
DEBIT,07/29/2026,WHOLE FOODS MKT HARLEM NY,-16.29,DEBIT_CARD,1385.22,
DEBIT,07/30/2026,MTA*NYCT PAYGO NEW YORK NY,-2.90,DEBIT_CARD,1382.32,
DEBIT,08/01/2026,THE GRAND TIER NEW YORK NY,-36.08,DEBIT_CARD,1346.24,
CREDIT,08/03/2026,Online Transfer From BOA Checking ...8820,700.00,ACH_CREDIT,2046.24,
DEBIT,08/04/2026,MTA*NYCT PAYGO NEW YORK NY,-2.90,DEBIT_CARD,2043.34,
DEBIT,08/04/2026,MTA*NYCT PAYGO NEW YORK NY,-2.90,DEBIT_CARD,2040.44,
CREDIT,08/04/2026,Zelle Payment From Priya Raman 26455698229,14.09,QUICKPAY_CREDIT,2054.53,
DEBIT,08/05/2026,MTA*NYCT PAYGO NEW YORK NY,-2.90,DEBIT_CARD,2051.63,
DEBIT,08/05/2026,Zelle Payment To Sam Okafor 80577558121,-57.55,QUICKPAY_DEBIT,1994.08,
DEBIT,08/06/2026,DOORDASH*THAI MARKET SAN FRANCISCO CA,-26.84,DEBIT_CARD,1967.24,
CREDIT,08/06/2026,Zelle Payment From Alex Moreno 82760628868,42.30,QUICKPAY_CREDIT,2009.54,
DEBIT,08/07/2026,BLUE BOTTLE COFFEE NEW YORK NY,-6.09,DEBIT_CARD,2003.45,
DEBIT,08/07/2026,MTA*NYCT PAYGO NEW YORK NY,-2.90,DEBIT_CARD,2000.55,
DEBIT,08/07/2026,SPOTIFY USA 877-7781161 NY,-11.99,DEBIT_CARD,1988.56,
DEBIT,08/07/2026,SQ *THE HEIGHTS BAR NY,-26.73,DEBIT_CARD,1961.83,
CREDIT,08/07/2026,Zelle Payment From Jordan Lee 32182033264,42.30,QUICKPAY_CREDIT,2004.13,
DEBIT,08/09/2026,TRADER JOE S #558 NEW YORK NY,-19.44,DEBIT_CARD,1984.69,
DEBIT,08/10/2026,MTA*NYCT PAYGO NEW YORK NY,-2.90,DEBIT_CARD,1981.79,
DEBIT,08/10/2026,MTA*NYCT PAYGO NEW YORK NY,-2.90,DEBIT_CARD,1978.89,
DEBIT,08/10/2026,TARGET 00031336 NEW YORK NY,-46.81,DEBIT_CARD,1932.08,
DEBIT,08/11/2026,MTA*NYCT PAYGO NEW YORK NY,-2.90,DEBIT_CARD,1929.18,
DEBIT,08/11/2026,MTA*NYCT PAYGO NEW YORK NY,-2.90,DEBIT_CARD,1926.28,
DEBIT,08/12/2026,MTA*NYCT PAYGO NEW YORK NY,-2.90,DEBIT_CARD,1923.38,
DEBIT,08/13/2026,WHOLE FOODS MKT HARLEM NY,-28.07,DEBIT_CARD,1895.31,
DEBIT,08/14/2026,BLUE BOTTLE COFFEE NEW YORK NY,-5.74,DEBIT_CARD,1889.57,
DEBIT,08/14/2026,MTA*NYCT PAYGO NEW YORK NY,-2.90,DEBIT_CARD,1886.67,
DEBIT,08/14/2026,UBER *TRIP HELP.UBER.COM CA,-22.20,DEBIT_CARD,1864.47,
DEBIT,08/16/2026,KEY FOOD #1123 NEW YORK NY,-25.78,DEBIT_CARD,1838.69,
DEBIT,08/17/2026,MTA*NYCT PAYGO NEW YORK NY,-2.90,DEBIT_CARD,1835.79,
DEBIT,08/18/2026,MTA*NYCT PAYGO NEW YORK NY,-2.90,DEBIT_CARD,1832.89,
DEBIT,08/19/2026,DUNKIN #3392 NEW YORK NY,-4.89,DEBIT_CARD,1828.00,
DEBIT,08/19/2026,MTA*NYCT PAYGO NEW YORK NY,-2.90,DEBIT_CARD,1825.10,
DEBIT,08/20/2026,MTA*NYCT PAYGO NEW YORK NY,-2.90,DEBIT_CARD,1822.20,
DEBIT,08/20/2026,MTA*NYCT PAYGO NEW YORK NY,-2.90,DEBIT_CARD,1819.30,
DEBIT,08/21/2026,KEY FOOD #1123 NEW YORK NY,-26.63,DEBIT_CARD,1792.67,
DEBIT,08/21/2026,MINT MOBILE 888-588-6468 CA,-30.00,DEBIT_CARD,1762.67,
DEBIT,08/21/2026,MTA*NYCT PAYGO NEW YORK NY,-2.90,DEBIT_CARD,1759.77,
DEBIT,08/22/2026,DUNKIN #3392 NEW YORK NY,-6.95,DEBIT_CARD,1752.82,
DEBIT,08/22/2026,TRADER JOE S #558 NEW YORK NY,-26.30,DEBIT_CARD,1726.52,
DEBIT,08/24/2026,AMC 84TH ST 6 NEW YORK NY,-17.49,DEBIT_CARD,1709.03,
DEBIT,08/24/2026,MTA*NYCT PAYGO NEW YORK NY,-2.90,DEBIT_CARD,1706.13,
DEBIT,08/25/2026,MTA*NYCT PAYGO NEW YORK NY,-2.90,DEBIT_CARD,1703.23,
DEBIT,08/26/2026,MTA*NYCT PAYGO NEW YORK NY,-2.90,DEBIT_CARD,1700.33,
DEBIT,08/26/2026,MTA*NYCT PAYGO NEW YORK NY,-2.90,DEBIT_CARD,1697.43,
DEBIT,08/27/2026,JUNZI KITCHEN NEW YORK NY,-14.74,DEBIT_CARD,1682.69,
DEBIT,08/27/2026,MTA*NYCT PAYGO NEW YORK NY,-2.90,DEBIT_CARD,1679.79,
DEBIT,08/27/2026,TRADER JOE S #558 NEW YORK NY,-25.16,DEBIT_CARD,1654.63,
DEBIT,08/28/2026,MTA*NYCT PAYGO NEW YORK NY,-2.90,DEBIT_CARD,1651.73,
DEBIT,08/29/2026,SQ *TOMO SUSHI NEW YORK NY,-144.00,DEBIT_CARD,1507.73,
DEBIT,08/31/2026,CHIPOTLE 0921 NEW YORK NY,-12.40,DEBIT_CARD,1495.33,
DEBIT,08/31/2026,MTA*NYCT PAYGO NEW YORK NY,-2.90,DEBIT_CARD,1492.43,
DEBIT,08/31/2026,MTA*NYCT PAYGO NEW YORK NY,-2.90,DEBIT_CARD,1489.53,
DEBIT,09/01/2026,MTA*NYCT PAYGO NEW YORK NY,-2.90,DEBIT_CARD,1486.63,
DEBIT,09/03/2026,MTA*NYCT PAYGO NEW YORK NY,-2.90,DEBIT_CARD,1483.73,
CREDIT,09/03/2026,Online Transfer From BOA Checking ...8820,700.00,ACH_CREDIT,2183.73,
DEBIT,09/04/2026,MTA*NYCT PAYGO NEW YORK NY,-2.90,DEBIT_CARD,2180.83,
DEBIT,09/04/2026,MTA*NYCT PAYGO NEW YORK NY,-2.90,DEBIT_CARD,2177.93,
CREDIT,09/04/2026,Zelle Payment From Alex Moreno 98057881149,48.00,QUICKPAY_CREDIT,2225.93,
DEBIT,09/04/2026,Zelle Payment To Sam Okafor 36846145405,-55.24,QUICKPAY_DEBIT,2170.69,
DEBIT,09/05/2026,UNIQLO 5TH AVE NEW YORK NY,-64.90,DEBIT_CARD,2105.79,
DEBIT,09/07/2026,MTA*NYCT PAYGO NEW YORK NY,-2.90,DEBIT_CARD,2102.89,
DEBIT,09/07/2026,SPOTIFY USA 877-7781161 NY,-11.99,DEBIT_CARD,2090.90,
CREDIT,09/07/2026,Zelle Payment From Priya Raman 96436948227,15.60,QUICKPAY_CREDIT,2106.50,
DEBIT,09/08/2026,MTA*NYCT PAYGO NEW YORK NY,-2.90,DEBIT_CARD,2103.60,
DEBIT,09/08/2026,SEPHORA 34TH ST NEW YORK NY,-38.50,DEBIT_CARD,2065.10,
DEBIT,09/09/2026,MTA*NYCT PAYGO NEW YORK NY,-2.90,DEBIT_CARD,2062.20,
DEBIT,09/09/2026,SQ *HARLEM THREADING NEW YORK NY,-22.00,DEBIT_CARD,2040.20,
DEBIT,09/10/2026,MTA*NYCT PAYGO NEW YORK NY,-2.90,DEBIT_CARD,2037.30,
DEBIT,09/10/2026,TARGET 00031336 NEW YORK NY,-54.76,DEBIT_CARD,1982.54,
DEBIT,09/11/2026,MTA*NYCT PAYGO NEW YORK NY,-2.90,DEBIT_CARD,1979.64,
DEBIT,09/11/2026,TRADER JOE S #558 NEW YORK NY,-30.78,DEBIT_CARD,1948.86,
DEBIT,09/12/2026,JACOBS PICKLES NEW YORK NY,-108.60,DEBIT_CARD,1840.26,
DEBIT,09/12/2026,UBER EATS SAN FRANCISCO CA,-17.27,DEBIT_CARD,1822.99,
DEBIT,09/14/2026,MTA*NYCT PAYGO NEW YORK NY,-2.90,DEBIT_CARD,1820.09,
DEBIT,09/15/2026,DUNKIN #3392 NEW YORK NY,-6.19,DEBIT_CARD,1813.90,
DEBIT,09/15/2026,H&M 0098 NEW YORK NY,-20.66,DEBIT_CARD,1793.24,
DEBIT,09/15/2026,JUNZI KITCHEN NEW YORK NY,-14.38,DEBIT_CARD,1778.86,
CREDIT,09/15/2026,Zelle Payment From Alex Moreno 91277659280,36.20,QUICKPAY_CREDIT,1815.06,
DEBIT,09/16/2026,MTA*NYCT PAYGO NEW YORK NY,-2.90,DEBIT_CARD,1812.16,
DEBIT,09/16/2026,MTA*NYCT PAYGO NEW YORK NY,-2.90,DEBIT_CARD,1809.26,
DEBIT,09/16/2026,SQ *HUNGARIAN PASTRY SHOP NY,-4.53,DEBIT_CARD,1804.73,
DEBIT,09/16/2026,WHOLE FOODS MKT HARLEM NY,-24.88,DEBIT_CARD,1779.85,
DEBIT,09/17/2026,Zelle Payment To Sam Okafor 29673726942,-31.06,QUICKPAY_DEBIT,1748.79,
DEBIT,09/18/2026,BLUE BOTTLE COFFEE NEW YORK NY,-6.63,DEBIT_CARD,1742.16,
DEBIT,09/20/2026,DUNKIN #3392 NEW YORK NY,-4.37,DEBIT_CARD,1737.79,
DEBIT,09/21/2026,MINT MOBILE 888-588-6468 CA,-30.00,DEBIT_CARD,1707.79,
DEBIT,09/21/2026,MTA*NYCT PAYGO NEW YORK NY,-2.90,DEBIT_CARD,1704.89,
DEBIT,09/22/2026,MTA*NYCT PAYGO NEW YORK NY,-2.90,DEBIT_CARD,1701.99,
DEBIT,09/22/2026,WHOLE FOODS MKT HARLEM NY,-20.64,DEBIT_CARD,1681.35,
DEBIT,09/23/2026,MTA*NYCT PAYGO NEW YORK NY,-2.90,DEBIT_CARD,1678.45,
DEBIT,09/23/2026,MTA*NYCT PAYGO NEW YORK NY,-2.90,DEBIT_CARD,1675.55,
DEBIT,09/24/2026,MTA*NYCT PAYGO NEW YORK NY,-2.90,DEBIT_CARD,1672.65,
DEBIT,09/24/2026,MTA*NYCT PAYGO NEW YORK NY,-2.90,DEBIT_CARD,1669.75,
DEBIT,09/25/2026,MTA*NYCT PAYGO NEW YORK NY,-2.90,DEBIT_CARD,1666.85,
DEBIT,09/25/2026,MTA*NYCT PAYGO NEW YORK NY,-2.90,DEBIT_CARD,1663.95,
DEBIT,09/25/2026,PATIALA GRILL NEW YORK NY,-29.10,DEBIT_CARD,1634.85,
DEBIT,09/27/2026,WHOLE FOODS MKT HARLEM NY,-26.75,DEBIT_CARD,1608.10,
DEBIT,09/28/2026,AMAZON MKTPL*5O7T232 AMZN.COM/BILL WA,-20.50,DEBIT_CARD,1587.60,
DEBIT,09/28/2026,MTA*NYCT PAYGO NEW YORK NY,-2.90,DEBIT_CARD,1584.70,
DEBIT,09/29/2026,MTA*NYCT PAYGO NEW YORK NY,-2.90,DEBIT_CARD,1581.80,
DEBIT,09/29/2026,TRADER JOE S #558 NEW YORK NY,-27.58,DEBIT_CARD,1554.22,
